Total Votes,BRANDON JOHNSON,%,PAUL VALLAS,%,
"612,514","319,481",52.16%,"293,033",47.84%,
,,,,,
Ward 1,,,,,
Precinct,Total Voters,BRANDON JOHNSON,%,PAUL VALLAS,%
1,779,533,68.42%,246,31.58%
2,789,547,69.33%,242,30.67%
3,858,538,62.70%,320,37.30%
4,725,565,77.93%,160,22.07%
5,764,552,72.25%,212,27.75%
6,673,448,66.57%,225,33.43%
7,836,622,74.40%,214,25.60%
8,659,434,65.86%,225,34.14%
9,406,241,59.36%,165,40.64%
10,874,520,59.50%,354,40.50%
11,683,468,68.52%,215,31.48%
12,347,220,63.40%,127,36.60%
13,531,348,65.54%,183,34.46%
14,459,257,55.99%,202,44.01%
15,791,443,56.01%,348,43.99%
16,792,468,59.09%,324,40.91%
17,480,287,59.79%,193,40.21%
18,672,408,60.71%,264,39.29%
19,592,339,57.26%,253,42.74%
20,576,334,57.99%,242,42.01%
21,600,391,65.17%,209,34.83%
22,798,481,60.28%,317,39.72%
23,384,222,57.81%,162,42.19%
24,925,492,53.19%,433,46.81%
25,808,415,51.36%,393,48.64%
26,771,379,49.16%,392,50.84%
Total,"17,572","10,952",62.33%,"6,620",37.67%
,,,,,
Ward 2,,,,,
Precinct,Total Voters,BRANDON JOHNSON,%,PAUL VALLAS,%
1,633,163,25.75%,470,74.25%
2,851,217,25.50%,634,74.50%
3,475,163,34.32%,312,65.68%
4,536,153,28.54%,383,71.46%
5,621,137,22.06%,484,77.94%
6,895,196,21.90%,699,78.10%
7,790,159,20.13%,631,79.87%
8,661,110,16.64%,551,83.36%
9,855,172,20.12%,683,79.88%
10,366,105,28.69%,261,71.31%
11,551,162,29.40%,389,70.60%
12,574,219,38.15%,355,61.85%
13,780,196,25.13%,584,74.87%
14,482,144,29.88%,338,70.12%
15,691,142,20.55%,549,79.45%
16,769,156,20.29%,613,79.71%
17,1049,304,28.98%,745,71.02%
18,567,200,35.27%,367,64.73%
19,355,92,25.92%,263,74.08%
20,467,107,22.91%,360,77.09%
21,163,41,25.15%,122,74.85%
22,503,199,39.56%,304,60.44%
23,560,217,38.75%,343,61.25%
24,522,160,30.65%,362,69.35%
25,763,201,26.34%,562,73.66%
Total,"15,479","4,115",26.58%,"11,364",73.42%
,,,,,
Ward 3,,,,,
Precinct,Total Voters,BRANDON JOHNSON,%,PAUL VALLAS,%
1,555,456,82.16%,99,17.84%
2,613,502,81.89%,111,18.11%
3,458,261,56.99%,197,43.01%
4,447,365,81.66%,82,18.34%
5,128,103,80.47%,25,19.53%
6,555,376,67.75%,179,32.25%
7,344,254,73.84%,90,26.16%
8,431,372,86.31%,59,13.69%
9,339,209,61.65%,130,38.35%
10,400,159,39.75%,241,60.25%
11,635,519,81.73%,116,18.27%
12,639,525,82.16%,114,17.84%
13,825,329,39.88%,496,60.12%
14,833,425,51.02%,408,48.98%
15,478,382,79.92%,96,20.08%
16,343,215,62.68%,128,37.32%
17,132,105,79.55%,27,20.45%
18,171,134,78.36%,37,21.64%
19,921,351,38.11%,570,61.89%
20,578,463,80.10%,115,19.90%
21,502,268,53.39%,234,46.61%
22,435,304,69.89%,131,30.11%
23,275,202,73.45%,73,26.55%
24,105,92,87.62%,13,12.38%
25,908,251,27.64%,657,72.36%
26,274,218,79.56%,56,20.44%
27,755,334,44.24%,421,55.76%
Total,"13,079","8,174",62.50%,"4,905",37.50%
,,,,,
Ward 4,,,,,
Precinct,Total Voters,BRANDON JOHNSON,%,PAUL VALLAS,%
1,826,674,81.60%,152,18.40%
2,313,236,75.40%,77,24.60%
3,546,396,72.53%,150,27.47%
4,625,536,85.76%,89,14.24%
5,283,229,80.92%,54,19.08%
6,431,312,72.39%,119,27.61%
7,344,253,73.55%,91,26.45%
8,424,334,78.77%,90,21.23%
9,450,372,82.67%,78,17.33%
10,434,357,82.26%,77,17.74%
11,586,471,80.38%,115,19.62%
12,408,305,74.75%,103,25.25%
13,379,306,80.74%,73,19.26%
14,400,330,82.50%,70,17.50%
15,348,270,77.59%,78,22.41%
16,492,399,81.10%,93,18.90%
17,585,482,82.39%,103,17.61%
18,182,153,84.07%,29,15.93%
19,455,336,73.85%,119,26.15%
20,563,436,77.44%,127,22.56%
21,380,301,79.21%,79,20.79%
22,185,126,68.11%,59,31.89%
23,339,231,68.14%,108,31.86%
24,682,486,71.26%,196,28.74%
25,796,353,44.35%,443,55.65%
26,817,355,43.45%,462,56.55%
27,666,430,64.56%,236,35.44%
28,801,466,58.18%,335,41.82%
Total,"13,740","9,935",72.31%,"3,805",27.69%
,,,,,
Ward 5,,,,,
Precinct,Total Voters,BRANDON JOHNSON,%,PAUL VALLAS,%
1,554,468,84.48%,86,15.52%
2,673,517,76.82%,156,23.18%
3,599,504,84.14%,95,15.86%
4,516,417,80.81%,99,19.19%
5,212,163,76.89%,49,23.11%
6,258,197,76.36%,61,23.64%
7,122,93,76.23%,29,23.77%
8,182,137,75.27%,45,24.73%
9,160,122,76.25%,38,23.75%
10,224,185,82.59%,39,17.41%
11,371,292,78.71%,79,21.29%
12,703,480,68.28%,223,31.72%
13,264,227,85.98%,37,14.02%
14,309,256,82.85%,53,17.15%
15,1006,776,77.14%,230,22.86%
16,602,432,71.76%,170,28.24%
17,428,325,75.93%,103,24.07%
18,889,631,70.98%,258,29.02%
19,409,285,69.68%,124,30.32%
20,653,534,81.78%,119,18.22%
21,607,476,78.42%,131,21.58%
22,689,562,81.57%,127,18.43%
23,351,233,66.38%,118,33.62%
24,454,344,75.77%,110,24.23%
25,1020,677,66.37%,343,33.63%
Total,"12,255","9,333",76.16%,"2,922",23.84%
,,,,,
Ward 6,,,,,
Precinct,Total Voters,BRANDON JOHNSON,%,PAUL VALLAS,%
1,175,144,82.29%,31,17.71%
2,226,187,82.74%,39,17.26%
3,69,56,81.16%,13,18.84%
4,164,133,81.10%,31,18.90%
5,319,237,74.29%,82,25.71%
6,280,224,80.00%,56,20.00%
7,343,277,80.76%,66,19.24%
8,249,195,78.31%,54,21.69%
9,521,411,78.89%,110,21.11%
10,314,258,82.17%,56,17.83%
11,128,103,80.47%,25,19.53%
12,347,283,81.56%,64,18.44%
13,460,373,81.09%,87,18.91%
14,452,379,83.85%,73,16.15%
15,434,346,79.72%,88,20.28%
16,265,203,76.60%,62,23.40%
17,572,458,80.07%,114,19.93%
18,617,494,80.06%,123,19.94%
19,413,339,82.08%,74,17.92%
20,676,553,81.80%,123,18.20%
21,481,400,83.16%,81,16.84%
22,684,565,82.60%,119,17.40%
23,622,508,81.67%,114,18.33%
24,569,446,78.38%,123,21.62%
25,434,338,77.88%,96,22.12%
26,754,591,78.38%,163,21.62%
27,663,553,83.41%,110,16.59%
Total,"11,231","9,054",80.62%,"2,177",19.38%
,,,,,
Ward 7,,,,,
Precinct,Total Voters,BRANDON JOHNSON,%,PAUL VALLAS,%
1,456,383,83.99%,73,16.01%
2,619,499,80.61%,120,19.39%
3,330,289,87.58%,41,12.42%
4,418,319,76.32%,99,23.68%
5,548,405,73.91%,143,26.09%
6,128,98,76.56%,30,23.44%
7,329,253,76.90%,76,23.10%
8,196,149,76.02%,47,23.98%
9,331,269,81.27%,62,18.73%
10,464,387,83.41%,77,16.59%
11,414,333,80.43%,81,19.57%
12,514,434,84.44%,80,15.56%
13,325,261,80.31%,64,19.69%
14,297,208,70.03%,89,29.97%
15,444,341,76.80%,103,23.20%
16,166,119,71.69%,47,28.31%
17,134,94,70.15%,40,29.85%
18,98,76,77.55%,22,22.45%
19,666,508,76.28%,158,23.72%
20,325,265,81.54%,60,18.46%
21,248,205,82.66%,43,17.34%
22,289,224,77.51%,65,22.49%
23,193,159,82.38%,34,17.62%
24,66,42,63.64%,24,36.36%
25,321,261,81.31%,60,18.69%
26,444,349,78.60%,95,21.40%
27,281,224,79.72%,57,20.28%
28,156,129,82.69%,27,17.31%
29,235,188,80.00%,47,20.00%
30,211,177,83.89%,34,16.11%
31,110,86,78.18%,24,21.82%
Total,"9,756","7,734",79.27%,"2,022",20.73%
,,,,,
Ward 8,,,,,
Precinct,Total Voters,BRANDON JOHNSON,%,PAUL VALLAS,%
1,517,430,83.17%,87,16.83%
2,231,182,78.79%,49,21.21%
3,216,165,76.39%,51,23.61%
4,476,386,81.09%,90,18.91%
5,343,281,81.92%,62,18.08%
6,574,466,81.18%,108,18.82%
7,321,253,78.82%,68,21.18%
8,690,545,78.99%,145,21.01%
9,425,356,83.76%,69,16.24%
10,453,367,81.02%,86,18.98%
11,419,345,82.34%,74,17.66%
12,496,399,80.44%,97,19.56%
13,464,357,76.94%,107,23.06%
14,515,414,80.39%,101,19.61%
15,387,304,78.55%,83,21.45%
16,361,273,75.62%,88,24.38%
17,640,469,73.28%,171,26.72%
18,866,677,78.18%,189,21.82%
19,608,490,80.59%,118,19.41%
20,279,211,75.63%,68,24.37%
21,315,265,84.13%,50,15.87%
22,240,187,77.92%,53,22.08%
23,631,515,81.62%,116,18.38%
24,397,340,85.64%,57,14.36%
25,195,163,83.59%,32,16.41%
26,330,283,85.76%,47,14.24%
27,493,413,83.77%,80,16.23%
28,308,245,79.55%,63,20.45%
29,421,350,83.14%,71,16.86%
30,395,307,77.72%,88,22.28%
Total,"13,006","10,438",80.26%,"2,568",19.74%
,,,,,
Ward 9,,,,,
Precinct,Total Voters,BRANDON JOHNSON,%,PAUL VALLAS,%
1,486,399,82.10%,87,17.90%
2,300,247,82.33%,53,17.67%
3,174,151,86.78%,23,13.22%
4,357,291,81.51%,66,18.49%
5,380,302,79.47%,78,20.53%
6,625,480,76.80%,145,23.20%
7,486,387,79.63%,99,20.37%
8,464,360,77.59%,104,22.41%
9,283,212,74.91%,71,25.09%
10,604,482,79.80%,122,20.20%
11,180,145,80.56%,35,19.44%
12,559,450,80.50%,109,19.50%
13,483,380,78.67%,103,21.33%
14,266,211,79.32%,55,20.68%
15,379,291,76.78%,88,23.22%
16,492,398,80.89%,94,19.11%
17,139,107,76.98%,32,23.02%
18,247,203,82.19%,44,17.81%
19,199,134,67.34%,65,32.66%
20,478,272,56.90%,206,43.10%
21,415,331,79.76%,84,20.24%
22,299,237,79.26%,62,20.74%
23,261,221,84.67%,40,15.33%
24,385,298,77.40%,87,22.60%
25,295,234,79.32%,61,20.68%
26,438,355,81.05%,83,18.95%
27,234,199,85.04%,35,14.96%
28,170,128,75.29%,42,24.71%
29,582,452,77.66%,130,22.34%
30,436,346,79.36%,90,20.64%
Total,"11,096","8,703",78.43%,"2,393",21.57%
,,,,,
Ward 10,,,,,
Precinct,Total Voters,BRANDON JOHNSON,%,PAUL VALLAS,%
1,138,84,60.87%,54,39.13%
2,190,95,50.00%,95,50.00%
3,261,132,50.57%,129,49.43%
4,298,191,64.09%,107,35.91%
5,134,42,31.34%,92,68.66%
6,148,62,41.89%,86,58.11%
7,366,107,29.23%,259,70.77%
8,374,88,23.53%,286,76.47%
9,353,134,37.96%,219,62.04%
10,346,127,36.71%,219,63.29%
11,121,40,33.06%,81,66.94%
12,333,113,33.93%,220,66.07%
13,421,135,32.07%,286,67.93%
14,618,170,27.51%,448,72.49%
15,522,111,21.26%,411,78.74%
16,587,152,25.89%,435,74.11%
17,551,122,22.14%,429,77.86%
18,660,143,21.67%,517,78.33%
19,406,72,17.73%,334,82.27%
20,232,62,26.72%,170,73.28%
21,318,58,18.24%,260,81.76%
22,626,107,17.09%,519,82.91%
23,309,135,43.69%,174,56.31%
24,117,84,71.79%,33,28.21%
25,191,148,77.49%,43,22.51%
Total,"8,620","2,714",31.48%,"5,906",68.52%
,,,,,
Ward 11,,,,,
Precinct,Total Voters,BRANDON JOHNSON,%,PAUL VALLAS,%
1,318,84,26.42%,234,73.58%
2,171,46,26.90%,125,73.10%
3,855,191,22.34%,664,77.66%
4,472,147,31.14%,325,68.86%
5,553,166,30.02%,387,69.98%
6,664,193,29.07%,471,70.93%
7,607,113,18.62%,494,81.38%
8,856,140,16.36%,716,83.64%
9,716,133,18.58%,583,81.42%
10,179,20,11.17%,159,88.83%
11,141,26,18.44%,115,81.56%
12,248,45,18.15%,203,81.85%
13,615,127,20.65%,488,79.35%
14,998,313,31.36%,685,68.64%
15,628,334,53.18%,294,46.82%
16,789,370,46.89%,419,53.11%
17,443,136,30.70%,307,69.30%
18,582,165,28.35%,417,71.65%
19,175,52,29.71%,123,70.29%
20,549,182,33.15%,367,66.85%
21,873,160,18.33%,713,81.67%
22,679,92,13.55%,587,86.45%
23,660,112,16.97%,548,83.03%
Total,"12,771","3,347",26.21%,"9,424",73.79%
,,,,,
Ward 12,,,,,
Precinct,Total Voters,BRANDON JOHNSON,%,PAUL VALLAS,%
1,316,133,42.09%,183,57.91%
2,226,86,38.05%,140,61.95%
3,429,218,50.82%,211,49.18%
4,343,162,47.23%,181,52.77%
5,364,126,34.62%,238,65.38%
6,311,119,38.26%,192,61.74%
7,283,98,34.63%,185,65.37%
8,303,97,32.01%,206,67.99%
9,164,65,39.63%,99,60.37%
10,286,133,46.50%,153,53.50%
11,236,85,36.02%,151,63.98%
12,199,68,34.17%,131,65.83%
13,258,111,43.02%,147,56.98%
14,252,125,49.60%,127,50.40%
15,273,101,37.00%,172,63.00%
16,304,118,38.82%,186,61.18%
17,243,104,42.80%,139,57.20%
18,272,118,43.38%,154,56.62%
19,191,79,41.36%,112,58.64%
20,228,99,43.42%,129,56.58%
21,273,132,48.35%,141,51.65%
22,186,85,45.70%,101,54.30%
Total,"5,940","2,462",41.45%,"3,478",58.55%
,,,,,
Ward 13,,,,,
Precinct,Total Voters,BRANDON JOHNSON,%,PAUL VALLAS,%
1,230,57,24.78%,173,75.22%
2,285,80,28.07%,205,71.93%
3,530,56,10.57%,474,89.43%
4,336,108,32.14%,228,67.86%
5,346,61,17.63%,285,82.37%
6,346,43,12.43%,303,87.57%
7,314,38,12.10%,276,87.90%
8,388,98,25.26%,290,74.74%
9,561,72,12.83%,489,87.17%
10,495,64,12.93%,431,87.07%
11,262,43,16.41%,219,83.59%
12,217,70,32.26%,147,67.74%
13,335,48,14.33%,287,85.67%
14,317,59,18.61%,258,81.39%
15,304,47,15.46%,257,84.54%
16,342,83,24.27%,259,75.73%
17,371,109,29.38%,262,70.62%
18,234,70,29.91%,164,70.09%
19,244,38,15.57%,206,84.43%
20,426,51,11.97%,375,88.03%
21,335,63,18.81%,272,81.19%
22,406,112,27.59%,294,72.41%
23,462,30,6.49%,432,93.51%
24,314,42,13.38%,272,86.62%
25,291,87,29.90%,204,70.10%
26,241,82,34.02%,159,65.98%
27,212,68,32.08%,144,67.92%
28,238,78,32.77%,160,67.23%
29,205,67,32.68%,138,67.32%
30,419,52,12.41%,367,87.59%
31,280,32,11.43%,248,88.57%
32,280,40,14.29%,240,85.71%
33,326,68,20.86%,258,79.14%
34,419,49,11.69%,370,88.31%
35,506,72,14.23%,434,85.77%
36,194,51,26.29%,143,73.71%
37,451,35,7.76%,416,92.24%
38,217,54,24.88%,163,75.12%
39,433,51,11.78%,382,88.22%
40,362,56,15.47%,306,84.53%
Total,"13,474","2,484",18.44%,"10,990",81.56%
,,,,,
Ward 14,,,,,
Precinct,Total Voters,BRANDON JOHNSON,%,PAUL VALLAS,%
1,382,182,47.64%,200,52.36%
2,301,119,39.53%,182,60.47%
3,183,88,48.09%,95,51.91%
4,80,43,53.75%,37,46.25%
5,266,125,46.99%,141,53.01%
6,367,142,38.69%,225,61.31%
7,388,115,29.64%,273,70.36%
8,359,137,38.16%,222,61.84%
9,362,153,42.27%,209,57.73%
10,340,133,39.12%,207,60.88%
11,399,172,43.11%,227,56.89%
12,245,98,40.00%,147,60.00%
13,430,158,36.74%,272,63.26%
14,211,102,48.34%,109,51.66%
15,190,98,51.58%,92,48.42%
Total,"4,503","1,865",41.42%,"2,638",58.58%
,,,,,
Ward 15,,,,,
Precinct,Total Voters,BRANDON JOHNSON,%,PAUL VALLAS,%
1,380,40,10.53%,340,89.47%
2,463,53,11.45%,410,88.55%
3,163,28,17.18%,135,82.82%
4,201,69,34.33%,132,65.67%
5,186,95,51.08%,91,48.92%
6,255,138,54.12%,117,45.88%
7,157,88,56.05%,69,43.95%
8,198,103,52.02%,95,47.98%
9,251,115,45.82%,136,54.18%
10,213,138,64.79%,75,35.21%
11,167,66,39.52%,101,60.48%
12,239,108,45.19%,131,54.81%
13,173,105,60.69%,68,39.31%
14,162,101,62.35%,61,37.65%
15,177,86,48.59%,91,51.41%
16,286,171,59.79%,115,40.21%
17,342,293,85.67%,49,14.33%
18,252,205,81.35%,47,18.65%
19,141,114,80.85%,27,19.15%
20,225,107,47.56%,118,52.44%
Total,"4,631","2,223",48.00%,"2,408",52.00%
,,,,,
Ward 16,,,,,
Precinct,Total Voters,BRANDON JOHNSON,%,PAUL VALLAS,%
1,292,245,83.90%,47,16.10%
2,192,139,72.40%,53,27.60%
3,216,187,86.57%,29,13.43%
4,157,126,80.25%,31,19.75%
5,344,286,83.14%,58,16.86%
6,312,278,89.10%,34,10.90%
7,170,126,74.12%,44,25.88%
8,122,93,76.23%,29,23.77%
9,325,265,81.54%,60,18.46%
10,218,172,78.90%,46,21.10%
11,209,177,84.69%,32,15.31%
12,86,55,63.95%,31,36.05%
13,114,95,83.33%,19,16.67%
14,291,232,79.73%,59,20.27%
15,283,231,81.63%,52,18.37%
16,181,140,77.35%,41,22.65%
17,366,274,74.86%,92,25.14%
18,324,266,82.10%,58,17.90%
19,237,175,73.84%,62,26.16%
20,291,246,84.54%,45,15.46%
21,181,155,85.64%,26,14.36%
22,262,223,85.11%,39,14.89%
23,151,110,72.85%,41,27.15%
24,192,161,83.85%,31,16.15%
25,111,92,82.88%,19,17.12%
Total,"5,627","4,549",80.84%,"1,078",19.16%
,,,,,
Ward 17,,,,,
Precinct,Total Voters,BRANDON JOHNSON,%,PAUL VALLAS,%
1,354,216,61.02%,138,38.98%
2,209,159,76.08%,50,23.92%
3,285,233,81.75%,52,18.25%
4,250,213,85.20%,37,14.80%
5,157,134,85.35%,23,14.65%
6,254,222,87.40%,32,12.60%
7,109,93,85.32%,16,14.68%
8,152,130,85.53%,22,14.47%
9,189,159,84.13%,30,15.87%
10,378,298,78.84%,80,21.16%
11,221,173,78.28%,48,21.72%
12,139,119,85.61%,20,14.39%
13,148,119,80.41%,29,19.59%
14,180,150,83.33%,30,16.67%
15,472,381,80.72%,91,19.28%
16,229,183,79.91%,46,20.09%
17,198,158,79.80%,40,20.20%
18,542,435,80.26%,107,19.74%
19,330,274,83.03%,56,16.97%
20,380,310,81.58%,70,18.42%
21,441,344,78.00%,97,22.00%
22,407,331,81.33%,76,18.67%
23,278,214,76.98%,64,23.02%
24,450,364,80.89%,86,19.11%
25,206,157,76.21%,49,23.79%
26,394,333,84.52%,61,15.48%
27,437,362,82.84%,75,17.16%
28,496,409,82.46%,87,17.54%
29,436,367,84.17%,69,15.83%
Total,"8,721","7,040",80.72%,"1,681",19.28%
,,,,,
Ward 18,,,,,
Precinct,Total Voters,BRANDON JOHNSON,%,PAUL VALLAS,%
1,573,474,82.72%,99,17.28%
2,594,470,79.12%,124,20.88%
3,246,194,78.86%,52,21.14%
4,471,360,76.43%,111,23.57%
5,417,339,81.29%,78,18.71%
6,681,520,76.36%,161,23.64%
7,576,416,72.22%,160,27.78%
8,779,568,72.91%,211,27.09%
9,565,411,72.74%,154,27.26%
10,769,524,68.14%,245,31.86%
11,374,297,79.41%,77,20.59%
12,607,460,75.78%,147,24.22%
13,473,280,59.20%,193,40.80%
14,384,285,74.22%,99,25.78%
15,272,204,75.00%,68,25.00%
16,414,314,75.85%,100,24.15%
17,311,200,64.31%,111,35.69%
18,414,215,51.93%,199,48.07%
19,371,240,64.69%,131,35.31%
20,347,177,51.01%,170,48.99%
21,431,316,73.32%,115,26.68%
22,531,174,32.77%,357,67.23%
23,611,189,30.93%,422,69.07%
24,601,243,40.43%,358,59.57%
25,325,107,32.92%,218,67.08%
26,539,209,38.78%,330,61.22%
Total,"12,676","8,186",64.58%,"4,490",35.42%
,,,,,
Ward 19,,,,,
Precinct,Total Voters,BRANDON JOHNSON,%,PAUL VALLAS,%
1,963,148,15.37%,815,84.63%
2,792,393,49.62%,399,50.38%
3,708,27,3.81%,681,96.19%
4,687,38,5.53%,649,94.47%
5,653,246,37.67%,407,62.33%
6,686,58,8.45%,628,91.55%
7,920,144,15.65%,776,84.35%
8,495,398,80.40%,97,19.60%
9,458,320,69.87%,138,30.13%
10,603,213,35.32%,390,64.68%
11,558,76,13.62%,482,86.38%
12,946,60,6.34%,886,93.66%
13,478,350,73.22%,128,26.78%
14,719,341,47.43%,378,52.57%
15,556,38,6.83%,518,93.17%
16,639,40,6.26%,599,93.74%
17,612,63,10.29%,549,89.71%
18,591,28,4.74%,563,95.26%
19,656,294,44.82%,362,55.18%
20,481,317,65.90%,164,34.10%
21,960,61,6.35%,899,93.65%
22,664,201,30.27%,463,69.73%
23,679,101,14.87%,578,85.13%
24,666,26,3.90%,640,96.10%
25,548,220,40.15%,328,59.85%
26,522,146,27.97%,376,72.03%
27,727,487,66.99%,240,33.01%
28,930,605,65.05%,325,34.95%
29,798,68,8.52%,730,91.48%
30,674,29,4.30%,645,95.70%
31,899,323,35.93%,576,64.07%
32,500,298,59.60%,202,40.40%
33,482,24,4.98%,458,95.02%
34,1100,110,10.00%,990,90.00%
35,661,175,26.48%,486,73.52%
36,545,141,25.87%,404,74.13%
Total,"24,556","6,607",26.91%,"17,949",73.09%
,,,,,
Ward 20,,,,,
Precinct,Total Voters,BRANDON JOHNSON,%,PAUL VALLAS,%
1,197,91,46.19%,106,53.81%
2,104,53,50.96%,51,49.04%
3,139,91,65.47%,48,34.53%
4,104,85,81.73%,19,18.27%
5,208,168,80.77%,40,19.23%
6,136,109,80.15%,27,19.85%
7,182,143,78.57%,39,21.43%
8,211,170,80.57%,41,19.43%
9,386,325,84.20%,61,15.80%
10,406,345,84.98%,61,15.02%
11,326,273,83.74%,53,16.26%
12,57,50,87.72%,7,12.28%
13,636,524,82.39%,112,17.61%
14,375,320,85.33%,55,14.67%
15,281,237,84.34%,44,15.66%
16,389,332,85.35%,57,14.65%
17,415,334,80.48%,81,19.52%
18,616,499,81.01%,117,18.99%
19,316,253,80.06%,63,19.94%
20,421,353,83.85%,68,16.15%
21,506,439,86.76%,67,13.24%
22,436,357,81.88%,79,18.12%
23,196,160,81.63%,36,18.37%
Total,"7,043","5,711",81.09%,"1,332",18.91%
,,,,,
Ward 21,,,,,
Precinct,Total Voters,BRANDON JOHNSON,%,PAUL VALLAS,%
1,515,396,76.89%,119,23.11%
2,179,144,80.45%,35,19.55%
3,563,460,81.71%,103,18.29%
4,454,374,82.38%,80,17.62%
5,503,416,82.70%,87,17.30%
6,402,329,81.84%,73,18.16%
7,587,485,82.62%,102,17.38%
8,534,419,78.46%,115,21.54%
9,169,136,80.47%,33,19.53%
10,540,442,81.85%,98,18.15%
11,616,498,80.84%,118,19.16%
12,237,199,83.97%,38,16.03%
13,382,307,80.37%,75,19.63%
14,656,542,82.62%,114,17.38%
15,607,500,82.37%,107,17.63%
16,564,484,85.82%,80,14.18%
17,376,309,82.18%,67,17.82%
18,583,487,83.53%,96,16.47%
19,488,383,78.48%,105,21.52%
20,412,334,81.07%,78,18.93%
21,623,521,83.63%,102,16.37%
22,666,536,80.48%,130,19.52%
23,475,376,79.16%,99,20.84%
24,415,325,78.31%,90,21.69%
25,344,281,81.69%,63,18.31%
26,403,330,81.89%,73,18.11%
27,569,475,83.48%,94,16.52%
28,533,421,78.99%,112,21.01%
29,553,465,84.09%,88,15.91%
Total,"13,948","11,374",81.55%,"2,574",18.45%
,,,,,
Ward 22,,,,,
Precinct,Total Voters,BRANDON JOHNSON,%,PAUL VALLAS,%
1,168,147,87.50%,21,12.50%
2,114,91,79.82%,23,20.18%
3,224,125,55.80%,99,44.20%
4,141,87,61.70%,54,38.30%
5,368,229,62.23%,139,37.77%
6,188,109,57.98%,79,42.02%
7,215,130,60.47%,85,39.53%
8,212,109,51.42%,103,48.58%
9,206,135,65.53%,71,34.47%
10,297,163,54.88%,134,45.12%
11,345,189,54.78%,156,45.22%
12,194,110,56.70%,84,43.30%
13,290,159,54.83%,131,45.17%
14,257,147,57.20%,110,42.80%
15,130,63,48.46%,67,51.54%
16,337,107,31.75%,230,68.25%
17,129,107,82.95%,22,17.05%
18,270,215,79.63%,55,20.37%
19,442,150,33.94%,292,66.06%
Total,"4,527","2,572",56.81%,"1,955",43.19%
,,,,,
Ward 23,,,,,
Precinct,Total Voters,BRANDON JOHNSON,%,PAUL VALLAS,%
1,332,30,9.04%,302,90.96%
2,563,59,10.48%,504,89.52%
3,358,37,10.34%,321,89.66%
4,267,35,13.11%,232,86.89%
5,475,35,7.37%,440,92.63%
6,266,29,10.90%,237,89.10%
7,370,49,13.24%,321,86.76%
8,354,41,11.58%,313,88.42%
9,539,73,13.54%,466,86.46%
10,504,88,17.46%,416,82.54%
11,214,64,29.91%,150,70.09%
12,303,68,22.44%,235,77.56%
13,507,119,23.47%,388,76.53%
14,386,106,27.46%,280,72.54%
15,390,118,30.26%,272,69.74%
16,183,59,32.24%,124,67.76%
17,259,118,45.56%,141,54.44%
18,237,83,35.02%,154,64.98%
19,163,49,30.06%,114,69.94%
20,169,70,41.42%,99,58.58%
21,164,61,37.20%,103,62.80%
22,178,49,27.53%,129,72.47%
23,182,54,29.67%,128,70.33%
24,173,67,38.73%,106,61.27%
25,157,38,24.20%,119,75.80%
26,127,56,44.09%,71,55.91%
27,142,52,36.62%,90,63.38%
28,198,70,35.35%,128,64.65%
29,239,76,31.80%,163,68.20%
30,188,60,31.91%,128,68.09%
31,201,65,32.34%,136,67.66%
32,180,52,28.89%,128,71.11%
33,409,154,37.65%,255,62.35%
Total,"9,377","2,184",23.29%,"7,193",76.71%
,,,,,
Ward 24,,,,,
Precinct,Total Voters,BRANDON JOHNSON,%,PAUL VALLAS,%
1,184,157,85.33%,27,14.67%
2,173,151,87.28%,22,12.72%
3,322,278,86.34%,44,13.66%
4,294,248,84.35%,46,15.65%
5,527,444,84.25%,83,15.75%
6,322,288,89.44%,34,10.56%
7,159,136,85.53%,23,14.47%
8,222,184,82.88%,38,17.12%
9,402,344,85.57%,58,14.43%
10,268,224,83.58%,44,16.42%
11,365,312,85.48%,53,14.52%
12,536,469,87.50%,67,12.50%
13,352,294,83.52%,58,16.48%
14,324,289,89.20%,35,10.80%
15,213,189,88.73%,24,11.27%
16,147,111,75.51%,36,24.49%
17,262,217,82.82%,45,17.18%
18,452,338,74.78%,114,25.22%
19,1072,873,81.44%,199,18.56%
20,335,270,80.60%,65,19.40%
Total,"6,931","5,816",83.91%,"1,115",16.09%
,,,,,
Ward 25,,,,,
Precinct,Total Voters,BRANDON JOHNSON,%,PAUL VALLAS,%
1,297,163,54.88%,134,45.12%
2,209,120,57.42%,89,42.58%
3,318,223,70.13%,95,29.87%
4,352,227,64.49%,125,35.51%
5,509,354,69.55%,155,30.45%
6,546,285,52.20%,261,47.80%
7,560,367,65.54%,193,34.46%
8,545,309,56.70%,236,43.30%
9,530,357,67.36%,173,32.64%
10,616,437,70.94%,179,29.06%
11,535,341,63.74%,194,36.26%
12,455,341,74.95%,114,25.05%
13,616,360,58.44%,256,41.56%
14,746,486,65.15%,260,34.85%
15,527,206,39.09%,321,60.91%
16,664,423,63.70%,241,36.30%
17,298,169,56.71%,129,43.29%
Total,"8,323","5,168",62.09%,"3,155",37.91%
,,,,,
Ward 26,,,,,
Precinct,Total Voters,BRANDON JOHNSON,%,PAUL VALLAS,%
1,197,65,32.99%,132,67.01%
2,246,141,57.32%,105,42.68%
3,448,366,81.70%,82,18.30%
4,260,102,39.23%,158,60.77%
5,365,257,70.41%,108,29.59%
6,223,141,63.23%,82,36.77%
7,364,275,75.55%,89,24.45%
8,258,162,62.79%,96,37.21%
9,251,137,54.58%,114,45.42%
10,265,189,71.32%,76,28.68%
11,246,175,71.14%,71,28.86%
12,120,84,70.00%,36,30.00%
13,212,146,68.87%,66,31.13%
14,135,74,54.81%,61,45.19%
15,178,79,44.38%,99,55.62%
16,435,296,68.05%,139,31.95%
17,403,284,70.47%,119,29.53%
18,165,66,40.00%,99,60.00%
19,470,350,74.47%,120,25.53%
20,452,328,72.57%,124,27.43%
21,168,85,50.60%,83,49.40%
22,195,103,52.82%,92,47.18%
23,346,247,71.39%,99,28.61%
24,157,91,57.96%,66,42.04%
25,405,288,71.11%,117,28.89%
26,477,336,70.44%,141,29.56%
27,470,318,67.66%,152,32.34%
28,449,293,65.26%,156,34.74%
29,418,263,62.92%,155,37.08%
30,219,165,75.34%,54,24.66%
31,239,140,58.58%,99,41.42%
32,351,228,64.96%,123,35.04%
Total,"9,587","6,274",65.44%,"3,313",34.56%
,,,,,
Ward 27,,,,,
Precinct,Total Voters,BRANDON JOHNSON,%,PAUL VALLAS,%
1,467,213,45.61%,254,54.39%
2,620,254,40.97%,366,59.03%
3,306,244,79.74%,62,20.26%
4,370,281,75.95%,89,24.05%
5,272,217,79.78%,55,20.22%
6,602,246,40.86%,356,59.14%
7,758,438,57.78%,320,42.22%
8,176,143,81.25%,33,18.75%
9,581,299,51.46%,282,48.54%
10,331,229,69.18%,102,30.82%
11,554,203,36.64%,351,63.36%
12,404,205,50.74%,199,49.26%
13,463,307,66.31%,156,33.69%
14,334,272,81.44%,62,18.56%
15,414,226,54.59%,188,45.41%
16,536,203,37.87%,333,62.13%
17,199,152,76.38%,47,23.62%
18,546,387,70.88%,159,29.12%
19,140,106,75.71%,34,24.29%
20,275,198,72.00%,77,28.00%
21,240,115,47.92%,125,52.08%
22,305,244,80.00%,61,20.00%
23,261,227,86.97%,34,13.03%
24,159,116,72.96%,43,27.04%
25,395,306,77.47%,89,22.53%
26,416,352,84.62%,64,15.38%
27,290,193,66.55%,97,33.45%
28,368,125,33.97%,243,66.03%
29,681,299,43.91%,382,56.09%
Total,"11,463","6,800",59.32%,"4,663",40.68%
,,,,,
Ward 28,,,,,
Precinct,Total Voters,BRANDON JOHNSON,%,PAUL VALLAS,%
1,229,203,88.65%,26,11.35%
2,213,185,86.85%,28,13.15%
3,63,45,71.43%,18,28.57%
4,193,161,83.42%,32,16.58%
5,205,166,80.98%,39,19.02%
6,357,292,81.79%,65,18.21%
7,179,147,82.12%,32,17.88%
8,328,276,84.15%,52,15.85%
9,167,127,76.05%,40,23.95%
10,112,82,73.21%,30,26.79%
11,452,303,67.04%,149,32.96%
12,676,362,53.55%,314,46.45%
13,508,185,36.42%,323,63.58%
14,372,235,63.17%,137,36.83%
15,222,173,77.93%,49,22.07%
16,487,349,71.66%,138,28.34%
17,242,192,79.34%,50,20.66%
18,295,259,87.80%,36,12.20%
19,280,244,87.14%,36,12.86%
20,253,216,85.38%,37,14.62%
21,226,200,88.50%,26,11.50%
22,194,157,80.93%,37,19.07%
23,290,250,86.21%,40,13.79%
24,208,178,85.58%,30,14.42%
25,472,397,84.11%,75,15.89%
26,128,110,85.94%,18,14.06%
Total,"7,351","5,494",74.74%,"1,857",25.26%
,,,,,
Ward 29,,,,,
Precinct,Total Voters,BRANDON JOHNSON,%,PAUL VALLAS,%
1,611,120,19.64%,491,80.36%
2,469,125,26.65%,344,73.35%
3,370,104,28.11%,266,71.89%
4,446,155,34.75%,291,65.25%
5,404,171,42.33%,233,57.67%
6,351,222,63.25%,129,36.75%
7,672,331,49.26%,341,50.74%
8,881,519,58.91%,362,41.09%
9,335,264,78.81%,71,21.19%
10,438,348,79.45%,90,20.55%
11,372,303,81.45%,69,18.55%
12,511,419,82.00%,92,18.00%
13,485,395,81.44%,90,18.56%
14,437,362,82.84%,75,17.16%
15,408,367,89.95%,41,10.05%
16,502,412,82.07%,90,17.93%
17,340,280,82.35%,60,17.65%
18,455,393,86.37%,62,13.63%
19,505,430,85.15%,75,14.85%
20,298,252,84.56%,46,15.44%
21,425,271,63.76%,154,36.24%
22,462,392,84.85%,70,15.15%
23,461,380,82.43%,81,17.57%
24,337,289,85.76%,48,14.24%
Total,"10,975","7,304",66.55%,"3,671",33.45%
,,,,,
Ward 30,,,,,
Precinct,Total Voters,BRANDON JOHNSON,%,PAUL VALLAS,%
1,517,142,27.47%,375,72.53%
2,345,103,29.86%,242,70.14%
3,456,261,57.24%,195,42.76%
4,407,135,33.17%,272,66.83%
5,428,150,35.05%,278,64.95%
6,454,180,39.65%,274,60.35%
7,303,133,43.89%,170,56.11%
8,533,344,64.54%,189,35.46%
9,458,159,34.72%,299,65.28%
10,419,188,44.87%,231,55.13%
11,358,126,35.20%,232,64.80%
12,467,167,35.76%,300,64.24%
13,440,131,29.77%,309,70.23%
14,415,156,37.59%,259,62.41%
15,658,370,56.23%,288,43.77%
16,327,82,25.08%,245,74.92%
17,469,219,46.70%,250,53.30%
18,383,213,55.61%,170,44.39%
19,296,133,44.93%,163,55.07%
20,309,144,46.60%,165,53.40%
21,523,158,30.21%,365,69.79%
22,529,269,50.85%,260,49.15%
23,540,292,54.07%,248,45.93%
24,422,183,43.36%,239,56.64%
25,327,121,37.00%,206,63.00%
26,595,396,66.55%,199,33.45%
Total,"11,378","4,955",43.55%,"6,423",56.45%
,,,,,
Ward 31,,,,,
Precinct,Total Voters,BRANDON JOHNSON,%,PAUL VALLAS,%
1,292,147,50.34%,145,49.66%
2,489,342,69.94%,147,30.06%
3,273,87,31.87%,186,68.13%
4,336,242,72.02%,94,27.98%
5,296,138,46.62%,158,53.38%
6,247,101,40.89%,146,59.11%
7,295,116,39.32%,179,60.68%
8,413,180,43.58%,233,56.42%
9,233,98,42.06%,135,57.94%
10,442,229,51.81%,213,48.19%
11,406,164,40.39%,242,59.61%
12,482,187,38.80%,295,61.20%
13,299,137,45.82%,162,54.18%
14,330,134,40.61%,196,59.39%
15,154,72,46.75%,82,53.25%
16,190,78,41.05%,112,58.95%
17,270,111,41.11%,159,58.89%
18,309,131,42.39%,178,57.61%
19,297,112,37.71%,185,62.29%
20,285,104,36.49%,181,63.51%
21,279,112,40.14%,167,59.86%
22,123,77,62.60%,46,37.40%
23,156,63,40.38%,93,59.62%
Total,"6,896","3,162",45.85%,"3,734",54.15%
,,,,,
Ward 32,,,,,
Precinct,Total Voters,BRANDON JOHNSON,%,PAUL VALLAS,%
1,1050,461,43.90%,589,56.10%
2,882,393,44.56%,489,55.44%
3,621,257,41.38%,364,58.62%
4,606,296,48.84%,310,51.16%
5,505,197,39.01%,308,60.99%
6,275,116,42.18%,159,57.82%
7,660,252,38.18%,408,61.82%
8,430,176,40.93%,254,59.07%
9,482,148,30.71%,334,69.29%
10,809,338,41.78%,471,58.22%
11,512,184,35.94%,328,64.06%
12,299,76,25.42%,223,74.58%
13,202,49,24.26%,153,75.74%
14,943,400,42.42%,543,57.58%
15,993,232,23.36%,761,76.64%
16,466,145,31.12%,321,68.88%
17,886,288,32.51%,598,67.49%
18,333,189,56.76%,144,43.24%
19,420,201,47.86%,219,52.14%
20,906,261,28.81%,645,71.19%
21,805,422,52.42%,383,47.58%
22,780,434,55.64%,346,44.36%
23,486,220,45.27%,266,54.73%
24,300,125,41.67%,175,58.33%
25,580,261,45.00%,319,55.00%
26,822,343,41.73%,479,58.27%
27,778,381,48.97%,397,51.03%
28,252,98,38.89%,154,61.11%
29,630,323,51.27%,307,48.73%
30,740,394,53.24%,346,46.76%
Total,"18,453","7,660",41.51%,"10,793",58.49%
,,,,,
Ward 33,,,,,
Precinct,Total Voters,BRANDON JOHNSON,%,PAUL VALLAS,%
1,901,481,53.39%,420,46.61%
2,921,573,62.21%,348,37.79%
3,649,327,50.39%,322,49.61%
4,869,510,58.69%,359,41.31%
5,715,384,53.71%,331,46.29%
6,731,427,58.41%,304,41.59%
7,654,428,65.44%,226,34.56%
8,545,332,60.92%,213,39.08%
9,517,300,58.03%,217,41.97%
10,511,377,73.78%,134,26.22%
11,404,253,62.62%,151,37.38%
12,665,480,72.18%,185,27.82%
13,576,386,67.01%,190,32.99%
14,768,542,70.57%,226,29.43%
15,588,423,71.94%,165,28.06%
16,791,457,57.77%,334,42.23%
17,695,481,69.21%,214,30.79%
Total,"11,500","7,161",62.27%,"4,339",37.73%
,,,,,
Ward 34,,,,,
Precinct,Total Voters,BRANDON JOHNSON,%,PAUL VALLAS,%
1,510,244,47.84%,266,52.16%
2,360,144,40.00%,216,60.00%
3,704,326,46.31%,378,53.69%
4,476,175,36.76%,301,63.24%
5,658,334,50.76%,324,49.24%
6,529,185,34.97%,344,65.03%
7,252,66,26.19%,186,73.81%
8,398,124,31.16%,274,68.84%
9,812,233,28.69%,579,71.31%
10,268,88,32.84%,180,67.16%
11,440,214,48.64%,226,51.36%
12,465,179,38.49%,286,61.51%
13,598,218,36.45%,380,63.55%
14,629,170,27.03%,459,72.97%
15,444,195,43.92%,249,56.08%
16,687,373,54.29%,314,45.71%
17,592,394,66.55%,198,33.45%
18,611,330,54.01%,281,45.99%
19,498,206,41.37%,292,58.63%
20,673,217,32.24%,456,67.76%
Total,"10,604","4,415",41.64%,"6,189",58.36%
,,,,,
Ward 35,,,,,
Precinct,Total Voters,BRANDON JOHNSON,%,PAUL VALLAS,%
1,146,65,44.52%,81,55.48%
2,444,223,50.23%,221,49.77%
3,319,199,62.38%,120,37.62%
4,503,354,70.38%,149,29.62%
5,728,562,77.20%,166,22.80%
6,1132,862,76.15%,270,23.85%
7,724,516,71.27%,208,28.73%
8,449,302,67.26%,147,32.74%
9,826,644,77.97%,182,22.03%
10,487,376,77.21%,111,22.79%
11,686,486,70.85%,200,29.15%
12,904,704,77.88%,200,22.12%
13,587,419,71.38%,168,28.62%
14,494,364,73.68%,130,26.32%
15,690,489,70.87%,201,29.13%
16,913,674,73.82%,239,26.18%
17,617,367,59.48%,250,40.52%
18,396,255,64.39%,141,35.61%
19,524,334,63.74%,190,36.26%
20,349,160,45.85%,189,54.15%
21,553,299,54.07%,254,45.93%
22,679,293,43.15%,386,56.85%
Total,"13,150","8,947",68.04%,"4,203",31.96%
,,,,,
Ward 36,,,,,
Precinct,Total Voters,BRANDON JOHNSON,%,PAUL VALLAS,%
1,342,87,25.44%,255,74.56%
2,377,93,24.67%,284,75.33%
3,289,69,23.88%,220,76.12%
4,360,141,39.17%,219,60.83%
5,308,96,31.17%,212,68.83%
6,247,90,36.44%,157,63.56%
7,206,83,40.29%,123,59.71%
8,176,70,39.77%,106,60.23%
9,436,196,44.95%,240,55.05%
10,336,159,47.32%,177,52.68%
11,193,85,44.04%,108,55.96%
12,162,78,48.15%,84,51.85%
13,96,45,46.88%,51,53.13%
14,289,163,56.40%,126,43.60%
15,139,79,56.83%,60,43.17%
16,123,78,63.41%,45,36.59%
17,438,310,70.78%,128,29.22%
18,465,320,68.82%,145,31.18%
19,680,469,68.97%,211,31.03%
20,680,434,63.82%,246,36.18%
21,550,228,41.45%,322,58.55%
22,621,393,63.29%,228,36.71%
23,612,303,49.51%,309,50.49%
24,547,293,53.56%,254,46.44%
25,642,340,52.96%,302,47.04%
26,605,332,54.88%,273,45.12%
27,669,319,47.68%,350,52.32%
Total,"10,588","5,353",50.56%,"5,235",49.44%
,,,,,
Ward 37,,,,,
Precinct,Total Voters,BRANDON JOHNSON,%,PAUL VALLAS,%
1,331,282,85.20%,49,14.80%
2,272,182,66.91%,90,33.09%
3,320,265,82.81%,55,17.19%
4,372,310,83.33%,62,16.67%
5,242,207,85.54%,35,14.46%
6,515,432,83.88%,83,16.12%
7,310,229,73.87%,81,26.13%
8,460,385,83.70%,75,16.30%
9,170,141,82.94%,29,17.06%
10,302,228,75.50%,74,24.50%
11,297,260,87.54%,37,12.46%
12,420,337,80.24%,83,19.76%
13,228,184,80.70%,44,19.30%
14,430,355,82.56%,75,17.44%
15,430,339,78.84%,91,21.16%
16,444,338,76.13%,106,23.87%
17,250,213,85.20%,37,14.80%
18,334,271,81.14%,63,18.86%
19,260,189,72.69%,71,27.31%
20,411,351,85.40%,60,14.60%
21,257,188,73.15%,69,26.85%
22,349,247,70.77%,102,29.23%
Total,"7,404","5,933",80.13%,"1,471",19.87%
,,,,,
Ward 38,,,,,
Precinct,Total Voters,BRANDON JOHNSON,%,PAUL VALLAS,%
1,959,55,5.74%,904,94.26%
2,425,44,10.35%,381,89.65%
3,605,89,14.71%,516,85.29%
4,491,49,9.98%,442,90.02%
5,762,101,13.25%,661,86.75%
6,480,70,14.58%,410,85.42%
7,559,102,18.25%,457,81.75%
8,507,69,13.61%,438,86.39%
9,476,99,20.80%,377,79.20%
10,418,52,12.44%,366,87.56%
11,558,82,14.70%,476,85.30%
12,735,115,15.65%,620,84.35%
13,359,68,18.94%,291,81.06%
14,489,82,16.77%,407,83.23%
15,418,80,19.14%,338,80.86%
16,706,169,23.94%,537,76.06%
17,628,173,27.55%,455,72.45%
18,644,200,31.06%,444,68.94%
19,685,194,28.32%,491,71.68%
20,594,179,30.13%,415,69.87%
21,719,272,37.83%,447,62.17%
22,464,157,33.84%,307,66.16%
23,725,264,36.41%,461,63.59%
24,711,212,29.82%,499,70.18%
25,805,349,43.35%,456,56.65%
Total,"14,922","3,326",22.29%,"11,596",77.71%
,,,,,
Ward 39,,,,,
Precinct,Total Voters,BRANDON JOHNSON,%,PAUL VALLAS,%
1,614,127,20.68%,487,79.32%
2,363,86,23.69%,277,76.31%
3,429,208,48.48%,221,51.52%
4,621,142,22.87%,479,77.13%
5,397,179,45.09%,218,54.91%
6,304,138,45.39%,166,54.61%
7,297,125,42.09%,172,57.91%
8,316,129,40.82%,187,59.18%
9,282,102,36.17%,180,63.83%
10,389,240,61.70%,149,38.30%
11,316,115,36.39%,201,63.61%
12,500,228,45.60%,272,54.40%
13,734,327,44.55%,407,55.45%
14,898,120,13.36%,778,86.64%
15,570,279,48.95%,291,51.05%
16,361,160,44.32%,201,55.68%
17,909,188,20.68%,721,79.32%
18,372,61,16.40%,311,83.60%
19,704,412,58.52%,292,41.48%
20,541,124,22.92%,417,77.08%
21,582,317,54.47%,265,45.53%
22,364,86,23.63%,278,76.37%
23,77,17,22.08%,60,77.92%
24,456,259,56.80%,197,43.20%
25,334,219,65.57%,115,34.43%
26,274,135,49.27%,139,50.73%
27,350,103,29.43%,247,70.57%
28,367,183,49.86%,184,50.14%
29,151,32,21.19%,119,78.81%
30,291,85,29.21%,206,70.79%
31,407,91,22.36%,316,77.64%
32,935,255,27.27%,680,72.73%
33,344,91,26.45%,253,73.55%
34,423,81,19.15%,342,80.85%
35,653,260,39.82%,393,60.18%
Total,"15,925","5,704",35.82%,"10,221",64.18%
,,,,,
Ward 40,,,,,
Precinct,Total Voters,BRANDON JOHNSON,%,PAUL VALLAS,%
1,532,279,52.44%,253,47.56%
2,551,359,65.15%,192,34.85%
3,510,295,57.84%,215,42.16%
4,503,241,47.91%,262,52.09%
5,443,225,50.79%,218,49.21%
6,431,251,58.24%,180,41.76%
7,522,321,61.49%,201,38.51%
8,367,146,39.78%,221,60.22%
9,606,318,52.48%,288,47.52%
10,992,608,61.29%,384,38.71%
11,674,262,38.87%,412,61.13%
12,685,389,56.79%,296,43.21%
13,662,447,67.52%,215,32.48%
14,884,638,72.17%,246,27.83%
15,644,445,69.10%,199,30.90%
16,606,424,69.97%,182,30.03%
17,693,418,60.32%,275,39.68%
18,759,475,62.58%,284,37.42%
19,695,431,62.01%,264,37.99%
20,771,456,59.14%,315,40.86%
21,697,493,70.73%,204,29.27%
22,906,639,70.53%,267,29.47%
23,984,641,65.14%,343,34.86%
Total,"15,117","9,201",60.87%,"5,916",39.13%
,,,,,
Ward 41,,,,,
Precinct,Total Voters,BRANDON JOHNSON,%,PAUL VALLAS,%
1,484,52,10.74%,432,89.26%
2,249,44,17.67%,205,82.33%
3,297,40,13.47%,257,86.53%
4,553,31,5.61%,522,94.39%
5,576,82,14.24%,494,85.76%
6,565,74,13.10%,491,86.90%
7,451,69,15.30%,382,84.70%
8,429,74,17.25%,355,82.75%
9,892,149,16.70%,743,83.30%
10,716,107,14.94%,609,85.06%
11,532,125,23.50%,407,76.50%
12,356,30,8.43%,326,91.57%
13,781,148,18.95%,633,81.05%
14,885,131,14.80%,754,85.20%
15,1150,150,13.04%,1000,86.96%
16,386,51,13.21%,335,86.79%
17,285,38,13.33%,247,86.67%
18,795,111,13.96%,684,86.04%
19,402,66,16.42%,336,83.58%
20,486,82,16.87%,404,83.13%
21,443,59,13.32%,384,86.68%
22,383,59,15.40%,324,84.60%
23,487,79,16.22%,408,83.78%
24,870,94,10.80%,776,89.20%
25,718,93,12.95%,625,87.05%
26,845,127,15.03%,718,84.97%
27,651,92,14.13%,559,85.87%
28,1007,156,15.49%,851,84.51%
29,1133,121,10.68%,1012,89.32%
30,904,78,8.63%,826,91.37%
31,821,67,8.16%,754,91.84%
Total,"19,532","2,679",13.72%,"16,853",86.28%
,,,,,
Ward 42,,,,,
Precinct,Total Voters,BRANDON JOHNSON,%,PAUL VALLAS,%
1,335,70,20.90%,265,79.10%
2,264,83,31.44%,181,68.56%
3,763,215,28.18%,548,71.82%
4,732,167,22.81%,565,77.19%
5,893,258,28.89%,635,71.11%
6,429,82,19.11%,347,80.89%
7,610,142,23.28%,468,76.72%
8,364,127,34.89%,237,65.11%
9,719,130,18.08%,589,81.92%
10,459,110,23.97%,349,76.03%
11,376,209,55.59%,167,44.41%
12,395,101,25.57%,294,74.43%
13,281,110,39.15%,171,60.85%
14,210,77,36.67%,133,63.33%
15,202,63,31.19%,139,68.81%
16,666,195,29.28%,471,70.72%
17,782,215,27.49%,567,72.51%
18,421,113,26.84%,308,73.16%
19,693,166,23.95%,527,76.05%
20,725,119,16.41%,606,83.59%
21,728,189,25.96%,539,74.04%
22,688,210,30.52%,478,69.48%
23,873,162,18.56%,711,81.44%
24,874,159,18.19%,715,81.81%
Total,"13,482","3,472",25.75%,"10,010",74.25%
,,,,,
Ward 43,,,,,
Precinct,Total Voters,BRANDON JOHNSON,%,PAUL VALLAS,%
1,817,119,14.57%,698,85.43%
2,895,204,22.79%,691,77.21%
3,363,59,16.25%,304,83.75%
4,623,207,33.23%,416,66.77%
5,910,303,33.30%,607,66.70%
6,1079,380,35.22%,699,64.78%
7,963,443,46.00%,520,54.00%
8,800,392,49.00%,408,51.00%
9,1078,424,39.33%,654,60.67%
10,748,211,28.21%,537,71.79%
11,492,171,34.76%,321,65.24%
12,941,258,27.42%,683,72.58%
13,738,175,23.71%,563,76.29%
14,435,126,28.97%,309,71.03%
15,962,290,30.15%,672,69.85%
16,373,116,31.10%,257,68.90%
17,869,341,39.24%,528,60.76%
18,923,370,40.09%,553,59.91%
19,1002,315,31.44%,687,68.56%
20,852,262,30.75%,590,69.25%
21,423,133,31.44%,290,68.56%
22,1046,310,29.64%,736,70.36%
23,756,205,27.12%,551,72.88%
Total,"18,088","5,814",32.14%,"12,274",67.86%
,,,,,
Ward 44,,,,,
Precinct,Total Voters,BRANDON JOHNSON,%,PAUL VALLAS,%
1,815,457,56.07%,358,43.93%
2,673,254,37.74%,419,62.26%
3,850,286,33.65%,564,66.35%
4,1082,369,34.10%,713,65.90%
5,737,474,64.31%,263,35.69%
6,728,419,57.55%,309,42.45%
7,765,467,61.05%,298,38.95%
8,703,408,58.04%,295,41.96%
9,1152,516,44.79%,636,55.21%
10,1086,515,47.42%,571,52.58%
11,765,360,47.06%,405,52.94%
12,958,470,49.06%,488,50.94%
13,898,524,58.35%,374,41.65%
14,866,489,56.47%,377,43.53%
15,993,541,54.48%,452,45.52%
16,1014,501,49.41%,513,50.59%
17,988,529,53.54%,459,46.46%
18,691,382,55.28%,309,44.72%
19,978,528,53.99%,450,46.01%
20,587,344,58.60%,243,41.40%
21,990,557,56.26%,433,43.74%
Total,"18,319","9,390",51.26%,"8,929",48.74%
,,,,,
Ward 45,,,,,
Precinct,Total Voters,BRANDON JOHNSON,%,PAUL VALLAS,%
1,1105,173,15.66%,932,84.34%
2,594,102,17.17%,492,82.83%
3,355,52,14.65%,303,85.35%
4,404,75,18.56%,329,81.44%
5,598,151,25.25%,447,74.75%
6,681,134,19.68%,547,80.32%
7,704,156,22.16%,548,77.84%
8,604,135,22.35%,469,77.65%
9,598,151,25.25%,447,74.75%
10,609,146,23.97%,463,76.03%
11,826,180,21.79%,646,78.21%
12,500,173,34.60%,327,65.40%
13,753,240,31.87%,513,68.13%
14,446,125,28.03%,321,71.97%
15,505,208,41.19%,297,58.81%
16,588,220,37.41%,368,62.59%
17,717,184,25.66%,533,74.34%
18,680,204,30.00%,476,70.00%
19,414,131,31.64%,283,68.36%
20,595,237,39.83%,358,60.17%
21,531,153,28.81%,378,71.19%
22,590,274,46.44%,316,53.56%
23,645,258,40.00%,387,60.00%
24,538,202,37.55%,336,62.45%
25,750,308,41.07%,442,58.93%
26,558,267,47.85%,291,52.15%
27,713,324,45.44%,389,54.56%
28,652,264,40.49%,388,59.51%
29,576,358,62.15%,218,37.85%
Total,"17,829","5,585",31.33%,"12,244",68.67%
,,,,,
Ward 46,,,,,
Precinct,Total Voters,BRANDON JOHNSON,%,PAUL VALLAS,%
1,682,283,41.50%,399,58.50%
2,690,377,54.64%,313,45.36%
3,743,506,68.10%,237,31.90%
4,837,421,50.30%,416,49.70%
5,736,307,41.71%,429,58.29%
6,1058,633,59.83%,425,40.17%
7,632,398,62.97%,234,37.03%
8,769,445,57.87%,324,42.13%
9,895,415,46.37%,480,53.63%
10,799,558,69.84%,241,30.16%
11,886,557,62.87%,329,37.13%
12,1032,558,54.07%,474,45.93%
13,944,627,66.42%,317,33.58%
14,520,367,70.58%,153,29.42%
15,1115,518,46.46%,597,53.54%
16,708,515,72.74%,193,27.26%
17,1054,764,72.49%,290,27.51%
18,885,642,72.54%,243,27.46%
19,698,506,72.49%,192,27.51%
20,646,435,67.34%,211,32.66%
21,496,301,60.69%,195,39.31%
22,605,453,74.88%,152,25.12%
23,550,413,75.09%,137,24.91%
Total,"17,980","10,999",61.17%,"6,981",38.83%
,,,,,
Ward 47,,,,,
Precinct,Total Voters,BRANDON JOHNSON,%,PAUL VALLAS,%
1,709,402,56.70%,307,43.30%
2,622,429,68.97%,193,31.03%
3,636,448,70.44%,188,29.56%
4,806,538,66.75%,268,33.25%
5,942,745,79.09%,197,20.91%
6,812,617,75.99%,195,24.01%
7,1229,824,67.05%,405,32.95%
8,819,567,69.23%,252,30.77%
9,967,557,57.60%,410,42.40%
10,813,609,74.91%,204,25.09%
11,718,486,67.69%,232,32.31%
12,558,359,64.34%,199,35.66%
13,608,390,64.14%,218,35.86%
14,781,433,55.44%,348,44.56%
15,800,294,36.75%,506,63.25%
16,819,379,46.28%,440,53.72%
17,685,395,57.66%,290,42.34%
18,850,533,62.71%,317,37.29%
19,817,521,63.77%,296,36.23%
20,801,454,56.68%,347,43.32%
21,828,375,45.29%,453,54.71%
22,677,343,50.66%,334,49.34%
23,794,422,53.15%,372,46.85%
24,924,481,52.06%,443,47.94%
25,738,378,51.22%,360,48.78%
26,1025,445,43.41%,580,56.59%
27,870,410,47.13%,460,52.87%
28,593,227,38.28%,366,61.72%
Total,"22,241","13,061",58.72%,"9,180",41.28%
,,,,,
Ward 48,,,,,
Precinct,Total Voters,BRANDON JOHNSON,%,PAUL VALLAS,%
1,863,639,74.04%,224,25.96%
2,305,179,58.69%,126,41.31%
3,446,304,68.16%,142,31.84%
4,461,325,70.50%,136,29.50%
5,321,175,54.52%,146,45.48%
6,643,466,72.47%,177,27.53%
7,693,477,68.83%,216,31.17%
8,450,215,47.78%,235,52.22%
9,348,146,41.95%,202,58.05%
10,806,589,73.08%,217,26.92%
11,540,336,62.22%,204,37.78%
12,739,465,62.92%,274,37.08%
13,585,276,47.18%,309,52.82%
14,611,397,64.98%,214,35.02%
15,479,338,70.56%,141,29.44%
16,358,242,67.60%,116,32.40%
17,226,86,38.05%,140,61.95%
18,616,438,71.10%,178,28.90%
19,426,225,52.82%,201,47.18%
20,275,131,47.64%,144,52.36%
21,597,410,68.68%,187,31.32%
22,400,151,37.75%,249,62.25%
23,477,240,50.31%,237,49.69%
24,807,467,57.87%,340,42.13%
25,671,479,71.39%,192,28.61%
26,355,173,48.73%,182,51.27%
27,467,307,65.74%,160,34.26%
28,558,413,74.01%,145,25.99%
29,246,128,52.03%,118,47.97%
30,655,402,61.37%,253,38.63%
31,601,471,78.37%,130,21.63%
32,482,331,68.67%,151,31.33%
33,266,109,40.98%,157,59.02%
34,484,356,73.55%,128,26.45%
35,777,517,66.54%,260,33.46%
Total,"18,034","11,403",63.23%,"6,631",36.77%
,,,,,
Ward 49,,,,,
Precinct,Total Voters,BRANDON JOHNSON,%,PAUL VALLAS,%
1,644,453,70.34%,191,29.66%
2,602,412,68.44%,190,31.56%
3,836,544,65.07%,292,34.93%
4,809,632,78.12%,177,21.88%
5,849,584,68.79%,265,31.21%
6,65,44,67.69%,21,32.31%
7,882,633,71.77%,249,28.23%
8,1035,813,78.55%,222,21.45%
9,859,690,80.33%,169,19.67%
10,557,388,69.66%,169,30.34%
11,592,398,67.23%,194,32.77%
12,524,376,71.76%,148,28.24%
13,679,487,71.72%,192,28.28%
14,911,666,73.11%,245,26.89%
15,845,644,76.21%,201,23.79%
16,769,627,81.53%,142,18.47%
17,845,665,78.70%,180,21.30%
Total,"12,303","9,056",73.61%,"3,247",26.39%
,,,,,
Ward 50,,,,,
Precinct,Total Voters,BRANDON JOHNSON,%,PAUL VALLAS,%
1,605,92,15.21%,513,84.79%
2,540,118,21.85%,422,78.15%
3,426,123,28.87%,303,71.13%
4,383,191,49.87%,192,50.13%
5,635,240,37.80%,395,62.20%
6,262,163,62.21%,99,37.79%
7,677,397,58.64%,280,41.36%
8,415,272,65.54%,143,34.46%
9,154,30,19.48%,124,80.52%
10,412,80,19.42%,332,80.58%
11,719,93,12.93%,626,87.07%
12,172,35,20.35%,137,79.65%
13,511,285,55.77%,226,44.23%
14,140,34,24.29%,106,75.71%
15,487,262,53.80%,225,46.20%
16,125,13,10.40%,112,89.60%
17,206,81,39.32%,125,60.68%
18,82,9,10.98%,73,89.02%
19,153,91,59.48%,62,40.52%
20,159,83,52.20%,76,47.80%
21,357,231,64.71%,126,35.29%
22,663,107,16.14%,556,83.86%
23,410,121,29.51%,289,70.49%
24,804,73,9.08%,731,90.92%
25,109,30,27.52%,79,72.48%
26,240,58,24.17%,182,75.83%
27,129,28,21.71%,101,78.29%
28,536,253,47.20%,283,52.80%
Total,"10,511","3,593",34.18%,"6,918",65.82%
